epid,alias,active
111496,maría auxiliadora correa,false
124782,lupi maurizio enzo,false
124782,lupi,false
124782,maurizioenzolupi,false
124782,maurizio enzo lupi,false
124782,lupimaurizioenzo,false
96745,grcze,false
96782,sidonia elŝbieta jędrzejewska,false
96695,morkūnaitė,false
124762,jeanne pothain,false
124762,jeannepothain,false
124762,pothain jeanne,false
124762,pothain,false
124762,pothainjeanne,false
96830,enikı gyıri,true
96791,elŝbieta katarzyna łukacijewska,true
124835,rosa d’amato,false
33982,marian jean marinescu,false
96901,krišjānis kariħš,false
117477,marc demesmaeker,false
28220,graessle,false
28266,in'tveld,false
28266,in`tveld,false
125071,georgios epitidios,false
124750,mireille d’ornano,false
