epid,gender,first_name,last_name
257086,M,Jacek,OZDOBA
256993,F,Leire,PAJÍN
244571,M,Nikos,PAPANDREOU
245018,M,Christophe,CLERGEAU
247735,F,Laura,BALLARÍN CEREZA
251324,M,Krzysztof,BREJZA
251874,M,Niels,GEUKING
256810,M,Mika,AALTOLA
256956,M,Galato,ALEXANDRAKI
256805,F,Li,ANDERSSON
119652,M,Vytenis Povilas,ANDRIUKAITIS
257000,M,Stephen Nikola,BARTULICA
256852,M,Nikola,BARTŮŠEK
257005,M,Ľuboš,BLAHA
257002,M,José,CEPEDA
256937,M,Vivien,COSTANZO
256851,M,Ondřej,DOSTÁL
256949,M,Siegbert Frank,DROESE
256986,M,Geadis,GEADI
257013,F,Ľubica,KARVAŠOVÁ
256846,M,Ondřej,KOLÁŘ
256845,M,Ondřej,KRUTÍLEK
256864,M,András Tivadar,KULJA
257261,M,Ilia,LAZAROV
257118,M,Luis-Vicențiu,LAZARUS
256922,F,Marion,MARÉCHAL
257132,M,Ignazio Roberto,MARINO
257053,F,Ana Catarina,MENDES
257259,M,Nikola,MINCHEV
256847,F,Danuše,NERUDOVÁ
257049,F,Mirosława,NYKIEL
257010,M,Ľudovít,ÓDOR
257238,M,Aodhán,Ó RÍORDÁIN
256989,M,Fidias,PANAYIOTOU
110673,F,Ana Miguel,PEDRO
257150,F,Michele,PICARO
257145,M,Daniele,POLATO
257107,M,Virgil-Daniel,POPESCU
256999,F,Rosa María,SERRANO SIERRA
86057,M,Bartłomiej,SIENKIEWICZ
256916,M,Mārtiņš,STAĶIS
257119,M,Şerban-Dimitrie,STURDZA
257114,M,Claudiu-Richard,TÂRZIU
256925,F,Laurence,TROCHU
256858,M,Nikolaos,ANADIOTIS
256820,M,Georgios,AFTIAS
113523,M,Peter,AGIUS
257043,F,Maravillas,ABADÍA JOVER
256987,F,Oihane,AGIRREGOITIA MARTÍNEZ
256869,M,Grégory,ALLIONE
257123,F,Lucia,ANNUNZIATA
257138,M,Giuseppe,ANTOCI
256951,F,Anja,ARNDT
256829,M,Sakis,ARNAOUTOGLOU
257015,M,Jaume,ASENS LLODRÀ
256934,M,Daniel,ATTARD
256929,M,René,AUST
257117,M,Adrian-George,AXINIA
256936,M,Thomas,BAJADA
257003,F,Jeannette,BALJEU
257110,M,Dan,BARNA
256948,M,Arno,BAUSEMER
256887,M,Wouter,BEKE
256947,M,Fredis,BELERIS
256960,F,Sibylle,BERG
256998,F,Rachel,BLOM
257073,M,Tobiasz,BOCHEŃSKI
257108,M,Stefano,BONACCINI
256881,F,Barbara,BONTE
257024,F,Mireia,BORRÁS PABÓN
257457,F,Zsuzsanna,BORVENDÉG
256945,F,Irmhild,BOSSDORF
256995,M,Gordan,BOSANAC
257020,F,Stine,BOSSE
256841,M,Helmut,BRANDSTÄTTER
257067,M,Grzegorz,BRAUN
256878,F,Marie-Luce,BRASIER-CLAIN
257064,F,Anna,BRYŁKA
257072,M,Tomasz,BUCZEK
204129,F,Nikolina,BRNJAC
99878,M,Waldemar,BUDA
257047,M,Borys,BUDKA
257081,M,Sebastião,BUGALHO
257051,M,Andrzej,BUŁA
256928,M,Petr,BYSTRON
256915,F,Mélissa,CAMARA
220840,M,Jaroslav,BŽOCH
257296,F,Nina,CARBERRY
257100,M,Gheorghe,CÂRCIU
256891,M,Benoit,CASSART
256921,M,Laurent,CASTILLO
257096,M,Stefano,CAVEDAGNA
256880,F,Estelle,CEULEMANS
257093,M,Carlo,CICCIOLI
257014,F,Veronika,CIFROVÁ OSTRIHOŇOVÁ
257147,M,Alessandro,CIRIANI
257131,F,Anna Maria,CISINT
257023,M,Per,CLAUSEN
257169,F,Annalisa,CORRADO
257057,M,João,COTRIM DE FIGUEIREDO
256938,M,Tobias,CREMER
257297,M,Barry,COWEN
257034,F,Carmen,CRESPO DÍAZ
257094,M,Giovanni,CROSETTO
257078,M,Paulo,CUNHA
257028,M,Henrik,DAHL
256862,F,Dóra,DÁVID
257122,M,Antonio,DECARO
257030,M,Raúl,DE LA HOZ QUINTANO
256886,F,Valérie,DELOGE
257155,M,Danilo,DELLA VALLE
256870,F,Valérie,DEVAUX
256981,M,Ton,DIEPEVEEN
257087,M,Adnan,DIBRANI
256834,F,Elisabeth,DIERINGER
256874,F,Mélanie,DISDIER
257237,F,Regina,DOHERTY
257048,M,Paulo,DO NASCIMENTO CABRAL
257095,F,Elena,DONAZZAN
256853,F,Klara,DOSTALOVA
257076,M,Michał,DWORCZYK
256897,M,Gaëtan,DUSSAUSAYE
192254,F,Marieke,EHLERS
257088,F,Sofie,ERIKSSON
257091,M,Dick,ERIXON
257035,F,Alma,EZCURRA ALMANSA
256961,M,Sebastian,EVERDING
257137,M,Marco,FALCONE
256823,M,Nikolas,FARANTOURIS
256857,F,Viktória,FERENC
256840,M,Jan,FARSKÝ
257098,F,Gabriela,FIREA
25758,F,Ruth,FIRMENICH
256906,F,Claire,FITA
256913,F,Emma,FOURREAU
256876,F,Anne-Sophie,FRIGOUT
257038,F,Sigrid,FRIIS
190574,M,Tomasz,FROELICH
256896,F,Angéline,FURET
257299,F,Kathleen,FUNCHION
257012,F,Estrella,GALÁN
257097,M,Alberico,GAMBINO
257032,F,Kamila,GASIUK-PIHOWICZ
256970,F,Raquel,GARCÍA HERMIDA-VAN DER WALLE
257092,F,Hanna,GEDIN
256939,M,Thomas,GEISEL
256901,M,Jean-Marc,GERMAIN
256866,F,Gabriella,GERZSENYI
125204,M,Borja,GIMÉNEZ LARRAZ
256919,M,Christophe,GOMART
257075,F,Isilda,GOMES
256997,F,Sandra,GÓMEZ LÓPEZ
257059,M,Bruno,GONÇALVES
257079,M,Sérgio,GONÇALVES
257102,M,Giorgio,GORI
257055,F,Małgorzata,GOSIEWSKA
97399,M,Dirk,GOTINK
256808,M,Petras,GRAŽULIS
220908,M,Branko,GRIMS
256830,F,Elisabeth,GROSSMANN
257130,F,Cristina,GUARDA
256854,M,Balázs,GYŐRFFY
256803,F,Maria,GUZENINA
256985,M,Michalis,HADJIPANTELA
256912,F,Rima,HASSAN
257033,M,Niels Flemming,HANSEN
256842,M,Gerald,HAUSER
198073,F,Anna-Maja,HENRIKSSON
257065,M,Sérgio,HUMBERTO
256918,F,Céline,IMART
257144,M,Paolo,INSELVINI
257120,F,Diana,IOVANOVICI ŞOŞOACĂ
256992,F,Hana,JALLOUL MURO
256942,M,Marc,JONGEN
257031,M,Dariusz,JOŃSKI
256894,F,Sylvie,JOSSERAND
256898,M,Pierre,JOUVET
257022,F,Nora,JUNCO GARCÍA
256908,M,François,KALFON
256941,M,Alexander,JUNGBLUTH
257256,M,Taner,KABILOV
257007,M,Erik,KALIŇÁK
257056,M,Mariusz,KAMIŃSKI
256900,M,Fernand,KARTHEISER
256890,M,Rudi,KENNES
256957,F,Mary,KHAN
257042,M,Marcin,KIERWIŃSKI
256831,F,Sophia,KIRCHER
256924,F,Sarah,KNAFO
256973,M,Stefan,KÖHLER
257037,M,Michał,KOBOSKO
256861,F,Kinga,KOLLÁR
220871,M,Rihards,KOLS
256909,M,Vilis,KRIŠTOPANS
256996,M,Sebastian,KRUIS
198084,F,Katri,KULMUNI
256865,F,Eszter,LAKOS
198373,F,Judita,LAŠŠÁKOVÁ
256860,M,András,LÁSZLÓ
256954,F,Afroditi,LATINOPOULOU
256899,F,Murielle,LAURENT
257262,F,Rada,LAYKOVA
256895,M,Julien,LEONARDELLI
256920,F,Isabelle,LE CALLENNEC
256872,M,Fabrice,LEGGERI
220896,M,Reinhold,LOPATKA
257129,M,Mimmo,LUCANO
257124,M,Giuseppe,LUPO
257149,F,Lara,MAGONI
256868,M,Péter,MAGYAR
91636,F,Marit,MAIJ
257077,F,Marlena,MALĄG
256824,M,Yannis,MANIATIS
257727,M,Pierfrancesco,MARAN
257082,F,Jagna,MARCZUŁAJTIS-WALCZAK
257029,M,Jorge,MARTÍN FRÍAS
257063,F,Catarina,MARTINS
257016,M,Vicent,MARZÀ IBÁÑEZ
249982,M,Milan,MAZUREK
257300,M,Michael,MCNAMARA
256980,F,Alexandra,MEHNERT
256943,F,Eleonora,MELETI
256994,F,Idoia,MENDIA CUEVA
256974,F,Verena,MERTENS
257105,F,Roxana,MÎNZATU
245770,F,Irene,MONTERO
257140,F,Carolina,MORACE
257151,F,Letizia,MORATTI
257054,M,Tiago,MOREIRA DE SÁ
257060,M,Arkadiusz,MULARCZYK
257080,M,Piotr,MÜLLER
257298,M,Ciaran,MULLOOLY
257103,M,Ştefan,MUŞOIU
256843,F,Jana,NAGYOVÁ
257111,M,Dario,NARDELLA
257027,M,Fernando,NAVARRETE ROJAS
256944,M,Hans,NEUHOFF
257039,F,Elena,NEVADO DEL CAMPO
256883,M,Aleksandar,NIKOLIC
257301,F,Cynthia,NÍ MHURCHÚ
257044,M,Rasmus,NORDQVIST
257058,M,Daniel,OBAJTEK
198076,F,Maria,OHISALO
257083,M,João,OLIVEIRA
257018,M,Branislav,ONDRUŠ
257135,F,Valentina,PALMISANO
257040,M,Nicolás,PASCUAL DE LA PARTE
256952,M,Nikos,PAPPAS
257126,M,Gaetano,PEDULLA'
256903,M,Thomas,PELLERIN-CARLIN
30123,M,Guillaume,PELTIER
126699,M,Gilles,PENNELLE
257019,M,Alvise,PÉREZ
257257,M,Hristo,PETROV
256877,F,Pascale,PIERA
256893,M,Pierre,PIMPIE
257115,M,Gheorghe,PIPEREA
256844,F,Jaroslava,POKORNÁ JERMANOVÁ
256907,M,Reinis,POZŅAKS
256813,M,Vladimir,PREBILIČ
257128,F,Giusi,PRINCI
257041,M,Jacek,PROTAS
256969,M,Friedrich,PÜRNER
256927,F,Carola,RACKETE
256902,F,Emma,RAFOWICZ
257104,M,Ruggero,RAZZA
188096,M,Jüri,RATAS
256882,F,Julie,RECHAGNEUX
256935,F,Sabrina,REPP
256904,F,Chloé,RIDEL
257121,M,Matteo,RICCI
256964,F,Nela,RIEHL
257066,M,André,RODRIGUES
257170,M,Sandro,RUOTOLO
256911,M,Arash,SAEIDI
257127,F,Ilaria,SALIS
98219,F,Aura,SALLA
88552,M,Julien,SANCHEZ
257001,F,Elena,SANCHO MURILLO
127766,M,Jussi,SARAMO
256905,M,Eric,SARGIACOMO
256815,M,Marjan,ŠAREC
256809,M,Paulius,SAUDARGAS
256917,F,Majdouline,SBAI
257113,F,Antonella,SBERNA
256979,M,Oliver,SCHENK
257084,F,Joanna,SCHEURING-WIELGUS
256833,F,Lena,SCHILLING
257139,F,Benedetta,SCUDERI
256959,M,Alexander,SELL
257009,F,Isabel,SERRA SÁNCHEZ
256971,M,Lukas,SIEPER
256946,F,Christine,SINGER
201945,M,Virginijus,SINKEVIČIUS
257085,M,Krzysztof,ŚMISZEK
256910,M,Anthony,SMITH
125325,M,Sander,SMIT
257021,M,Diego,SOLIER
256889,F,Liesbet,SOMMEN
256871,F,Malika,SOREL
257068,M,Hélder,SOUSA SILVA
111412,M,Villy,SØVNDAL
257109,M,Marco,SQUARTA
220897,F,Petra,STEGER
257025,M,Kristoffer,STORM
256991,M,Sebastiaan,STÖTELER
257255,M,Stanislav,STOYANOV
256926,F,Marie-Agnes,STRACK-ZIMMERMANN
257101,F,Cecilia,STRADA
256962,M,Joachim,STREIT
256990,F,Anna,STROLENBERG
256839,F,Anna,STÜRGKH
257070,M,Marcin,SYPNIEWSKI
257026,M,Michał,SZCZERBA
256855,M,Pál,SZEKERES
257050,M,António,TÂNGER CORRÊA
256863,M,Zoltán,TARR
257160,M,Marco,TARQUINIO
257071,F,Carla,TAVARES
256965,M,Kai,TEGETHOFF
210480,F,Marta,TEMIDO
257089,F,Alice,TEODORESCU MÅWE
257116,F,Georgiana,TEODORESCU
256968,F,Ingeborg,TER LAAK
200345,M,Pierre-Romain,THIONNET
257090,F,Beatrice,TIMGREN
256885,M,Bruno,TOBBACK
256888,M,Rody,TOLASSY
256814,F,Zala,TOMAŠIČ
219652,M,Matej,TONIN
257163,M,Francesco,TORSELLI
257148,M,Raffaele,TOPO
256804,M,Pekka,TOVERI
257133,M,Pasquale,TRIDICO
256925,F,Laurence,TROCHU
256950,M,Dimitris,TSIODRAS
256850,M,Filip,TUREK
256806,M,Sebastian,TYNKKYNEN
257062,M,Stanisław,TYSZKA
257258,M,Ivaylo,VALCHEV
256875,M,Matthieu,VALET
257438,F,Anouk,VAN BRUG
256976,F,Brigitte,VAN DEN BERG
256884,M,Kris,VAN DIJCK
256978,M,Reinier,VAN LANSCHOT
256983,F,Jessika,VAN LEEUWEN
257125,M,Roberto,VANNACCI
257061,F,Ana,VASCONCELOS
257112,M,Vlad,VASILE-VOICULESCU
257099,M,Francesco,VENTOLA
256879,M,Yvan,VEROUGSTRAETE
256811,M,Aurelijus,VERYGA
256859,F,Annamária,VICSEK
257437,F,Catarina,VIEIRA
257143,F,Mariateresa,VIVALDINI
257260,M,Petar,VOLGIN
256966,M,Michael,VON DER SCHULENBURG
256967,M,Jan-Peter,WARNKE
257052,M,Maciej,WĄSIK
257045,M,Michał,WAWRYKIEWICZ
257046,F,Marta,WCISŁO
256977,F,Andrea,WECHSLER
220801,F,Sophie,WILMÈS
257011,F,Lucia,YAR
256955,F,Maria,ZACHARIA
257069,F,Ewa,ZAJĄCZKOWSKA-HERNIK
256807,M,Dainius,ŽALIMAS
257106,M,Alessandro,ZAN
